"","rate_present","rate_absent","ratio_absent","ratio_present","consistency_present","consistency_absent","buttons_present","buttons_absent","entropy_present","entropy_absent","popularity","word_category","word"
"1",8.78164909410853,7.0630217696102,0.194533170496939,0.225759568562902,0.735496290248176,0.727571854838601,17.2117647058824,14.5033112582781,1.81712143674745,1.54790459070096,85,"play","play"
"2",6.94583542253406,7.77772936991754,0.206078660509144,0.20321773351241,0.788542303622746,0.722910495903122,11.9230769230769,15.9263913698783,1.57452373005888,1.65240000003701,52,"food","food"
"3",6.59636096820662,7.98953768583861,0.209579180651503,0.201897602685207,0.735452550647352,0.733270766223316,12.056,16.7800773619656,1.55212076997664,1.65424639986131,125,"outside","outside"
"4",7.05028170464414,7.73489185001049,0.208797948431234,0.166901256849658,0.726618682473425,0.730721539496235,17.7647058823529,15.3013698630137,1.5685315425685,1.64842219740471,17,"scritches","scritches"
"5",7.92780441086578,7.66168886103847,0.205534366047911,0.208294446313503,0.763758501289348,0.727170261509988,10.2380952380952,15.9906976744186,1.5906370079076,1.64891968333001,21,"water","water"
"6",8.02841901791379,7.64388045055893,0.207151767508375,0.194201965144694,0.754446953961971,0.727579909491348,20.72,14.8578199052133,1.78546530658052,1.62666736809115,25,"all done","all done"
